{
  "detected_event_count": 1780,
  "detection_efficiency": 0.5933333333333334,
  "eff_hi": 0.008935715633037189,
  "eff_lo": 0.008997917121429833,
  "energy_resolution": 0.3595369636072766,
  "geometry_id": "81c3da7d",
  "gun_energy_GeV": 5.0,
  "valid_event_count": 3000
}
