{
  "detected_event_count": 1690,
  "detection_efficiency": 0.5633333333333334,
  "eff_hi": 0.009032592333735101,
  "eff_lo": 0.009074800486573054,
  "energy_resolution": 0.30603177647357793,
  "geometry_id": "06529cd5",
  "gun_energy_GeV": 5.0,
  "valid_event_count": 3000
}
