{
  "detected_event_count": 2336,
  "detection_efficiency": 0.7786666666666666,
  "eff_hi": 0.007485913457692228,
  "eff_lo": 0.007671629330179175,
  "energy_resolution": 0.4211063962911393,
  "geometry_id": "81c3da7d",
  "gun_energy_GeV": 5.0,
  "valid_event_count": 3000
}
