muon_threshold_GeV,detection_efficiency
0.02,0.822333333333
0.022,0.808666666667
0.024,0.787666666667
0.026,0.768666666667
0.028,0.750333333333
0.03,0.722333333333
0.032,0.695666666667
0.034,0.666666666667
0.036,0.632666666667
0.038,0.603
0.04,0.563333333333
