muon_threshold_GeV,detection_efficiency
0.02,0.778666666667
0.022,0.746
0.024,0.716333333333
0.026,0.677
0.028,0.637666666667
0.03,0.593333333333
0.032,0.55
0.034,0.505
0.036,0.451666666667
0.038,0.406
0.04,0.362
