{
  "detected_event_count": 2363,
  "detection_efficiency": 0.7876666666666666,
  "eff_hi": 0.007370059480188429,
  "eff_lo": 0.007561773353341739,
  "energy_resolution": 0.3842547640946065,
  "geometry_id": "06529cd5",
  "gun_energy_GeV": 5.0,
  "valid_event_count": 3000
}
