{
  "detected_event_count": 2238,
  "detection_efficiency": 0.746,
  "eff_hi": 0.007864536374790676,
  "eff_lo": 0.008028481726340075,
  "energy_resolution": 0.4071028654230574,
  "geometry_id": "81c3da7d",
  "gun_energy_GeV": 5.0,
  "valid_event_count": 3000
}
