{
  "detected_event_count": 2167,
  "detection_efficiency": 0.7223333333333334,
  "eff_hi": 0.008101436433996967,
  "eff_lo": 0.008249609265275404,
  "energy_resolution": 0.3552347998814391,
  "geometry_id": "06529cd5",
  "gun_energy_GeV": 5.0,
  "valid_event_count": 3000
}
