{
  "detected_event_count": 1355,
  "detection_efficiency": 0.45166666666666666,
  "eff_hi": 0.00910056389832442,
  "eff_lo": 0.009068352413263925,
  "energy_resolution": 0.3302852836223024,
  "geometry_id": "81c3da7d",
  "gun_energy_GeV": 5.0,
  "valid_event_count": 3000
}
