{
  "detected_event_count": 1650,
  "detection_efficiency": 0.55,
  "eff_hi": 0.009064791786012383,
  "eff_lo": 0.009098114011937164,
  "energy_resolution": 0.3494074942959608,
  "geometry_id": "81c3da7d",
  "gun_energy_GeV": 5.0,
  "valid_event_count": 3000
}
