{
  "detected_event_count": 2087,
  "detection_efficiency": 0.6956666666666667,
  "eff_hi": 0.008334338404654473,
  "eff_lo": 0.008464739382106345,
  "energy_resolution": 0.34532047359540896,
  "geometry_id": "06529cd5",
  "gun_energy_GeV": 5.0,
  "valid_event_count": 3000
}
