{
  "detected_event_count": 2031,
  "detection_efficiency": 0.677,
  "eff_hi": 0.008477384421080036,
  "eff_lo": 0.008595345100853469,
  "energy_resolution": 0.3828649412859424,
  "geometry_id": "81c3da7d",
  "gun_energy_GeV": 5.0,
  "valid_event_count": 3000
}
