{
  "detected_event_count": 2426,
  "detection_efficiency": 0.8086666666666666,
  "eff_hi": 0.007078256459516097,
  "eff_lo": 0.007283965667557735,
  "energy_resolution": 0.3959476612171922,
  "geometry_id": "06529cd5",
  "gun_energy_GeV": 5.0,
  "valid_event_count": 3000
}
