{
  "detected_event_count": 2000,
  "detection_efficiency": 0.6666666666666666,
  "eff_hi": 0.008549837748567879,
  "eff_lo": 0.00866091183498352,
  "energy_resolution": 0.33544118188797756,
  "geometry_id": "06529cd5",
  "gun_energy_GeV": 5.0,
  "valid_event_count": 3000
}
